dimension,pca
Societal,18.0624272424821
Environmental,17.7603834023907
Political,16.7754027529171
Human,16.3436692435217
Security,15.692987014934
Economic,15.3651303437543
